{"Auron":{"Experience":0.0,"Level":1.0,"Password":"a","ProfilePic":"res://data/images/profilepics/Auron.jpg","Rank":0.0,"Username":"Auron","WinsRemaining":1.0},"Tidus":{"Experience":40.0,"Level":0.0,"Password":"a","ProfilePic":"res://data/images/profilepics/Tidus.jpg","Rank":0.0,"Username":"Tidus","WinsRemaining":3.0},"Wakka":{"Experience":0.0,"Level":0.0,"Password":"a","ProfilePic":"res://data/images/profilepic.jpg","Rank":0.0,"Username":"Wakka","WinsRemaining":3.0},"Yuna":{"Experience":0.0,"Level":0.0,"Password":"a","ProfilePic":"res://data/images/profilepic.jpg","Rank":0.0,"Username":"Yuna","WinsRemaining":3.0},"a":{"Experience":0.0,"Level":1.0,"Password":"a","ProfilePic":"res://data/images/profilepics/Alan.png","Rank":0.0,"Username":"a","WinsRemaining":1.0},"b":{"Experience":40.0,"Level":0.0,"Password":"b","ProfilePic":"res://data/images/profilepics/Gary.png","Rank":0.0,"Username":"b","WinsRemaining":3.0},"v":{"Experience":0.0,"Level":0.0,"Password":"v","ProfilePic":"res://data/images/profilepic.jpg","Rank":0.0,"Username":"v","WinsRemaining":3.0}}